Participant_ID,rest-task_ACC-AInsula(L),rest-twitching_ACC-AInsula(L),task-twitching_ACC-AInsula(L),rest-task_ACC-AInsula(R),rest-twitching_ACC-AInsula(R),task-twitching_ACC-AInsula(R),rest-task_ACC-RPFC(L),rest-twitching_ACC-RPFC(L),task-twitching_ACC-RPFC(L),rest-task_ACC-RPFC(R),rest-twitching_ACC-RPFC(R),task-twitching_ACC-RPFC(R),rest-task_ACC-SMG(L),rest-twitching_ACC-SMG(L),task-twitching_ACC-SMG(L),rest-task_ACC-SMG(R),rest-twitching_ACC-SMG(R),task-twitching_ACC-SMG(R),rest-task_AInsula(L)-AInsula(R),rest-twitching_AInsula(L)-AInsula(R),task-twitching_AInsula(L)-AInsula(R),rest-task_AInsula(L)-RPFC(L),rest-twitching_AInsula(L)-RPFC(L),task-twitching_AInsula(L)-RPFC(L),rest-task_AInsula(L)-RPFC(R),rest-twitching_AInsula(L)-RPFC(R),task-twitching_AInsula(L)-RPFC(R),rest-task_AInsula(L)-SMG(L),rest-twitching_AInsula(L)-SMG(L),task-twitching_AInsula(L)-SMG(L),rest-task_AInsula(L)-SMG(R),rest-twitching_AInsula(L)-SMG(R),task-twitching_AInsula(L)-SMG(R),rest-task_AInsula(R)-RPFC(L),rest-twitching_AInsula(R)-RPFC(L),task-twitching_AInsula(R)-RPFC(L),rest-task_AInsula(R)-RPFC(R),rest-twitching_AInsula(R)-RPFC(R),task-twitching_AInsula(R)-RPFC(R),rest-task_AInsula(R)-SMG(L),rest-twitching_AInsula(R)-SMG(L),task-twitching_AInsula(R)-SMG(L),rest-task_AInsula(R)-SMG(R),rest-twitching_AInsula(R)-SMG(R),task-twitching_AInsula(R)-SMG(R),rest-task_Averaged_CC,rest-twitching_Averaged_CC,task-twitching_Averaged_CC,rest-task_RPFC(L)-RPFC(R),rest-twitching_RPFC(L)-RPFC(R),task-twitching_RPFC(L)-RPFC(R),rest-task_RPFC(L)-SMG(L),rest-twitching_RPFC(L)-SMG(L),task-twitching_RPFC(L)-SMG(L),rest-task_RPFC(L)-SMG(R),rest-twitching_RPFC(L)-SMG(R),task-twitching_RPFC(L)-SMG(R),rest-task_RPFC(R)-SMG(L),rest-twitching_RPFC(R)-SMG(L),task-twitching_RPFC(R)-SMG(L),rest-task_RPFC(R)-SMG(R),rest-twitching_RPFC(R)-SMG(R),task-twitching_RPFC(R)-SMG(R),rest-task_SMG(L)-SMG(R),rest-twitching_SMG(L)-SMG(R),task-twitching_SMG(L)-SMG(R)
1,0.787,0.72119,-0.06581000000000004,0.49305999999999994,0.68002,0.18696000000000002,0.060980000000000034,0.11244000000000004,0.051460000000000006,0.17979999999999996,0.67153,0.49173000000000006,0.03408,-0.04353000000000001,-0.07761000000000001,0.26730000000000004,0.2551300000000001,-0.012169999999999986,0.2217300000000001,0.52068,0.29894999999999994,0.08492,0.5516399999999999,0.46671999999999997,0.05094999999999994,0.40419,0.35324000000000005,-0.0017899999999999583,-0.1719799999999999,-0.17018999999999995,0.18708000000000002,0.060470000000000024,-0.12661,0.04191,0.25760000000000005,0.21569000000000005,0.09141999999999995,0.26200999999999997,0.17059000000000002,0.06252000000000002,0.016270000000000007,-0.04625000000000001,0.30393000000000003,0.22753,-0.07640000000000002,0.15949000000000002,0.22421000000000002,0.06472,0.059819999999999984,0.07674000000000003,0.016920000000000046,-0.42097999999999997,-0.13406,0.28691999999999995,0.11102999999999999,-0.18388,-0.29491,-0.06873000000000001,-0.03714999999999996,0.03158000000000005,0.19607000000000002,0.07512999999999997,-0.12094000000000005,0.6071500000000001,0.3863700000000001,-0.22077999999999998
2,0.41167000000000004,0.008929999999999993,-0.40274000000000004,0.27551999999999993,-0.15583000000000002,-0.43134999999999996,0.40844,0.14088,-0.26756,0.28919000000000006,-0.11582999999999999,-0.40502000000000005,-0.25133,-0.383824,-0.132494,-0.39921409999999996,-0.83701,-0.4377959,-0.0033000000000000806,-0.12206000000000006,-0.11875999999999998,0.32593,-0.11799000000000004,-0.44392000000000004,0.30823999999999996,-0.21248000000000006,-0.5207200000000001,-0.606162,-0.09424500000000001,0.511917,-0.10619999999999999,-0.31144000000000005,-0.20524000000000003,0.4455,0.07983000000000007,-0.36566999999999994,0.42096999999999996,-0.030710000000000015,-0.45167999999999997,-0.50066,-0.46671,0.03395000000000001,-0.285511,-0.909571,-0.6240600000000001,0.0325,-0.19073999999999997,-0.22323999999999997,0.024330000000000074,-0.14822999999999997,-0.17256000000000005,-0.287633,-0.297337,-0.009703999999999997,-0.1661987,-0.3937387,-0.22754,-0.069166,0.008008999999999988,0.077175,-0.049329999999999985,-0.37182,-0.32249,0.49736,0.72558,0.22822
3,-0.27080000000000004,0.039939999999999976,0.31074,0.3827,0.10831999999999997,-0.27438,0.030710000000000015,0.09239000000000008,0.06168000000000007,0.31411,0.10011999999999999,-0.21399,0.35074,0.06956000000000001,-0.28118,0.20115,0.18409999999999999,-0.01705000000000001,0.32675999999999994,0.18665999999999994,-0.1401,0.3158099999999999,0.34836999999999996,0.03256000000000003,0.15439999999999998,0.22284999999999994,0.06844999999999996,0.36539,0.26986,-0.09553,0.42136,0.21528000000000003,-0.20607999999999999,0.53761,0.23738000000000004,-0.30023,0.55065,0.21919999999999995,-0.33145,0.4246500000000001,0.22386000000000006,-0.20079000000000002,0.54375,0.39186,-0.15188999999999997,0.30351000000000006,0.19221,-0.11130000000000007,0.15400999999999998,0.006199999999999983,-0.14781,0.45125,0.09648999999999996,-0.35476,0.27540000000000003,0.11771000000000004,-0.15769,0.54737,0.16581999999999997,-0.38155000000000006,0.007310000000000039,0.23789000000000005,0.23058,0.28925999999999996,0.50253,0.21327000000000007
4,0.50782,0.41214000000000006,-0.09567999999999999,0.7712,0.5554300000000001,-0.21577,0.508225,-0.33116999999999996,-0.839395,0.5094190000000001,-0.26461999999999997,-0.774039,0.7228600000000001,0.554774,-0.16808599999999999,0.03592999999999996,0.24883999999999998,0.21291000000000002,0.52554,-0.12080000000000002,-0.64634,0.33654999999999996,-0.19740000000000002,-0.5339499999999999,0.40396,0.16135,-0.24260999999999996,0.26424000000000003,-0.05418999999999996,-0.31843,0.032949999999999924,0.13039999999999996,0.09745000000000004,0.14999999999999997,0.050799999999999956,-0.09920000000000001,0.4591299999999999,0.21727999999999992,-0.24185,-0.12871999999999995,-0.31187999999999994,-0.18316,0.57637,-0.14260000000000006,-0.7189700000000001,0.30827,0.051100000000000034,-0.25716999999999995,0.37668999999999997,-0.059390000000000054,-0.43608,0.030490000000000017,0.43359,0.40309999999999996,-0.050970000000000015,0.09131,0.14228000000000002,0.12426999999999999,-0.051080000000000014,-0.17535,0.20094,0.018649999999999944,-0.18229000000000006,0.11673,-0.26824000000000003,-0.38497000000000003
5,-0.21566000000000007,0.17280999999999996,0.38847000000000004,0.01770000000000005,0.36555000000000004,0.34785,-0.015210000000000057,0.73714,0.7523500000000001,0.00024999999999997247,0.25715,0.2569,0.054868600000000003,0.180179,0.1253104,-0.06521000000000002,0.135353,0.20056300000000002,-0.07901999999999998,0.08152000000000004,0.16054000000000002,0.2545700000000001,0.575589,0.321019,-0.08538000000000001,0.22455,0.30993000000000004,-0.013010000000000077,0.027409999999999934,0.04042000000000001,-0.35728000000000004,-0.19008999999999998,0.16719000000000006,0.30552,0.75012,0.4446,0.06931000000000004,0.595638,0.526328,0.09725999999999996,0.23095999999999994,0.13369999999999999,-0.23067000000000004,-0.02982000000000007,0.20084999999999997,0.02122999999999997,0.30192,0.28069000000000005,0.20216,0.24128000000000005,0.039120000000000044,0.31274,0.4627467,0.15000670000000002,0.11515000000000003,0.5379,0.42275,-0.028819999999999957,0.25436,0.28317999999999993,0.13153000000000004,0.6202230000000001,0.48869300000000004,-0.024959999999999982,0.10965000000000003,0.13461
6,0.34209,0.37509000000000003,0.03300000000000003,0.3019900000000001,0.18910000000000005,-0.11289000000000005,-0.14516,-0.46966,-0.3245,0.12658999999999998,-0.06457000000000002,-0.19116,0.20509,0.2599100000000001,0.05482000000000009,0.32308000000000003,0.24248000000000003,-0.0806,0.02261000000000002,-0.03852,-0.06113000000000002,-0.22707,-0.06842999999999999,0.15864,0.21524,0.007899999999999963,-0.20734000000000002,0.13209000000000004,0.14409000000000005,0.01200000000000001,0.18829000000000007,0.04439000000000004,-0.14390000000000003,-0.06508000000000003,-0.26183999999999996,-0.19675999999999993,0.5635699999999999,0.04735999999999996,-0.5162100000000001,0.24995,0.35536999999999996,0.10541999999999996,0.2413400000000001,0.17347000000000012,-0.06786999999999999,0.15262999999999993,0.019789999999999974,-0.13283999999999996,0.08950999999999998,-0.48129,-0.5708,-0.19289,0.10319,0.29608,-0.10769000000000001,-0.19845999999999997,-0.09076999999999996,0.33424,0.14176,-0.19247999999999998,0.32426,-0.11764000000000002,-0.44190000000000007,0.28330999999999995,0.03200000000000003,-0.2513099999999999
7,-0.6277900000000001,-0.70685,-0.07905999999999991,-0.5662400000000001,-0.81904,-0.2527999999999999,-0.52684,-0.7106600000000001,-0.18381999999999998,-0.3359,-0.9537800000000001,-0.61788,-0.42175999999999997,-0.08363999999999999,0.33812,0.02531,-0.29594999999999994,-0.32126,-0.7234,-0.7883,-0.06489999999999996,-0.06200999999999998,-0.41931000000000007,-0.35730000000000006,-0.23016799999999998,-0.491258,-0.26109,-0.13698,-0.07477,0.06220999999999999,0.17099999999999999,-0.25905,-0.43005,-0.36727,-0.8661700000000001,-0.49890000000000007,-0.10625,-0.43583000000000005,-0.32958000000000004,-0.06463000000000002,-0.11308000000000001,-0.04844999999999999,-0.02015,-0.15962999999999994,-0.13947999999999994,-0.22898000000000002,-0.42204,-0.19306,-0.09654000000000001,-0.39754,-0.301,-0.52883,-0.6049100000000001,-0.07608000000000004,-0.27888900000000005,-0.39010900000000004,-0.11121999999999999,0.16714,-0.10025999999999996,-0.26739999999999997,-0.38615999999999995,-0.10376999999999997,0.28239,0.30782,-0.0889700000000001,-0.3967900000000001
8,0.37254,-0.08333000000000002,-0.45587,-0.30279200000000006,-0.729982,-0.42718999999999996,-0.0276,0.053297,0.080897,-0.9736499999999999,-0.83705,0.1366,-0.209483,-0.08599100000000001,0.12349199999999999,-0.348338,-0.331748,0.016589999999999994,-0.39988,-0.79032,-0.39044,-0.096834,0.17815599999999998,0.27498999999999996,-1.37194,-1.2299799999999999,0.14196000000000003,-0.73359,-0.7269399999999999,0.006650000000000045,-0.40924000000000005,-0.74336,-0.33412000000000003,-0.186493,0.26544,0.45193300000000003,-0.67613,-0.52667,0.14945999999999998,-0.50639,-0.33229,0.17409999999999998,-0.519787,-0.613727,-0.09394000000000002,-0.367617,-0.340097,0.027520000000000044,-0.5014074000000001,-0.4303474,0.07106000000000001,-0.273372,-0.168817,0.104555,-0.20757599999999998,-0.03381999999999999,0.173756,-0.04197000000000001,0.18162,0.22359,-0.08543,0.04629,0.13172,-0.22058,-0.20250999999999997,0.01807000000000003
9,-0.48239000000000004,0.07916000000000001,0.56155,-0.51374,-0.12639999999999998,0.38733999999999996,-0.82883,-0.38718,0.44165,-1.17239,-0.62212,0.55027,-0.26188,0.201963,0.463843,-0.7137199999999999,-0.45563,0.25809,-0.68891,-0.50186,0.18705000000000005,-0.82888,-0.23900000000000002,0.58988,-0.46555700000000005,0.126802,0.5923590000000001,-0.73899,-0.62963,0.10936000000000001,-0.39677,-0.25362999999999997,0.14314000000000004,-0.625686,-0.292706,0.33298,-0.624054,0.0100756,0.6341296000000001,-0.56458,-0.47797,0.08660999999999996,-0.6865370000000001,-0.735827,-0.049289999999999945,-0.63133,-0.26849,0.36283999999999994,-0.477182,-0.299392,0.17779,-1.42438,-0.9582999999999999,0.46607999999999994,-0.749031,-0.22466099999999997,0.52437,-0.44383300000000003,-0.062556,0.38127700000000003,0.17213999999999996,0.622465,0.45032500000000003,-0.74284,-0.41185,0.33099
10,-0.11613999999999997,-0.14919,-0.033050000000000024,-0.26465,-0.0893,0.17535,0.15046700000000002,0.02756,-0.12290700000000002,-0.16534500000000002,-0.48113,-0.315785,-0.2265572,-0.0966932,0.12986399999999998,-0.22481,-0.2659,-0.041090000000000015,-0.38155,-0.35652999999999996,0.025020000000000042,0.42507900000000004,0.41936700000000005,-0.005712000000000009,0.318703,0.152246,-0.16645700000000002,-0.784265,-0.855865,-0.0716,-0.04951,-0.23954999999999999,-0.19004,0.31659,0.37222,0.05563,0.26697000000000004,0.236074,-0.030896000000000007,-0.34762,-0.20509,0.14253,0.13532999999999995,0.42603,0.29070000000000007,-0.024740000000000012,-0.05262,-0.027879999999999988,-0.819454,-0.5312239999999999,0.2882300000000001,0.09911,-0.10224799999999999,-0.20135799999999998,0.2288834,0.149967,-0.07891640000000001,0.5936,0.44525000000000003,-0.14834999999999998,0.36595099999999997,0.05460999999999999,-0.311341,-0.04038999999999998,-0.01579999999999998,0.02459
11,-0.255321,-0.448161,-0.19283999999999996,-0.83207,-1.03275,-0.20068000000000008,-0.49965,-1.14568,-0.64603,-0.11163000000000001,-0.46167,-0.35004,0.27696999999999994,-0.04417000000000004,-0.32114,0.32203000000000004,0.07298000000000004,-0.24905,-0.2583500000000001,-0.06193000000000004,0.19642000000000004,-0.0726,0.09937000000000007,0.17197000000000007,-0.20541700000000002,-0.746807,-0.5413899999999999,-0.08088999999999999,-0.10915,-0.028260000000000007,-0.33556,-0.16652,0.16904000000000002,-0.4299,-0.75562,-0.32572,-0.474412,-0.876452,-0.40204,-0.577164,-0.759084,-0.18191999999999997,-0.581229,-0.704209,-0.12297999999999998,-0.21951,-0.46221,-0.24270000000000003,-0.58289,-1.00149,-0.41859999999999997,-0.32816999999999996,-0.87452,-0.54635,-0.64037,-0.8907799999999999,-0.25040999999999997,0.24433000000000005,0.001080000000000081,-0.24324999999999997,0.37788999999999995,0.014899999999999913,-0.36299000000000003,0.43457999999999997,0.18413999999999997,-0.25044
12,-0.48922,-0.29586,0.19335999999999998,0.032440000000000024,0.20325000000000004,0.17081000000000002,-0.44150999999999996,-0.26376999999999995,0.17774,-0.29022000000000003,-0.16725999999999996,0.12296000000000007,0.074799,-0.027504,-0.102303,-0.30918999999999996,-0.06927999999999998,0.23991,-0.6618240000000001,-0.8299240000000001,-0.16810000000000003,-0.58919,-0.08476000000000003,0.5044299999999999,-0.49654999999999994,-0.41464,0.08190999999999998,0.18248000000000003,0.25261,0.07012999999999997,-0.282568,-0.0697095,0.21285849999999998,-0.38212999999999997,-0.22018,0.16194999999999998,-0.11636000000000002,0.12236000000000002,0.23872000000000004,0.10468,-0.09882000000000002,-0.20350000000000001,-0.14923999999999998,0.03542000000000001,0.18466,-0.21127,-0.09924000000000005,0.11202999999999996,-0.23014000000000007,-0.35514000000000007,-0.125,-0.05366000000000001,0.025430000000000008,0.07909000000000002,-0.06106,0.22362,0.28468000000000004,0.068192,-0.048334999999999996,-0.11652699999999999,-0.35525,-0.07672000000000001,0.27853,0.00879000000000002,0.07512,0.06632999999999999
13,0.5862499999999999,0.55972,-0.026529999999999998,0.22724999999999995,0.08009,-0.14715999999999996,0.44843000000000005,0.09221000000000001,-0.35622000000000004,0.13809999999999995,-0.17871000000000004,-0.31681,0.06913000000000002,0.13615000000000002,0.06702,0.12188000000000002,-0.01810999999999996,-0.13998999999999998,-0.15333999999999992,0.19433999999999996,0.3476799999999999,0.39779999999999993,0.45907999999999993,0.06128000000000003,0.29123999999999994,0.37376,0.08252000000000001,-0.12187000000000003,0.17968999999999996,0.30156,-0.1069,0.23867000000000005,0.34557000000000004,-0.006970000000000032,0.04441999999999996,0.05138999999999999,0.16507000000000005,0.16083999999999998,-0.004230000000000067,0.25259000000000004,0.32309000000000004,0.07050000000000001,0.11164999999999992,0.30967,0.19802000000000008,0.14738,0.19129000000000002,0.043910000000000005,0.09984000000000004,0.21203000000000005,0.11219000000000001,-0.07706999999999997,-0.15702,-0.07995000000000002,0.12132000000000001,0.21883000000000002,0.09751,0.20828999999999998,0.26795,0.05966000000000002,0.14303,0.04199000000000003,-0.10103999999999996,0.17927000000000004,0.47829,0.29901999999999995
14,0.52067,0.73936,0.21869,0.382175,0.24356,-0.138615,0.02618999999999999,-0.05568000000000006,-0.08187000000000005,-0.14561000000000002,-0.40179,-0.25617999999999996,0.2457,-0.004039999999999988,-0.24974,0.10153000000000001,-0.05182999999999999,-0.15336,0.39882,0.19069000000000003,-0.20812999999999998,0.26721,0.31159000000000003,0.04438,0.31432000000000004,0.46180200000000005,0.147482,0.6346099999999999,0.47644999999999993,-0.15816000000000002,0.14679000000000003,0.4538087,0.3070187,-0.04530000000000001,0.13445000000000001,0.17975000000000002,0.11521999999999999,0.26274699999999995,0.147527,0.59214,0.42837,-0.16377,0.28557,0.31366000000000005,0.028090000000000004,0.19600999999999996,0.22194999999999998,0.02594000000000002,-0.17257,-0.06645999999999996,0.10611000000000004,0.19505999999999998,0.28278,0.08771999999999999,0.026269999999999988,0.189834,0.163564,0.25827,0.23811,-0.020159999999999997,0.09931000000000001,0.16264,0.06333000000000001,-0.13015,0.35095000000000004,0.4811
15,0.48358999999999996,0.36207,-0.12151999999999999,0.52798,0.47907,-0.04891000000000001,0.33516999999999997,0.11195999999999995,-0.22321000000000002,0.6041099999999999,0.50259,-0.10152,0.13537,0.30952,0.17415,0.17107,0.2942092,0.1231392,0.09152000000000005,0.56147,0.46995,0.21754999999999997,0.22770999999999997,0.010160000000000002,0.24728,0.44333999999999996,0.19605999999999998,0.526098,0.695989,0.16989100000000001,0.06266,0.298873,0.236213,0.28015,0.41978,0.13962999999999998,0.04203000000000001,0.52299,0.48095999999999994,0.4046,0.25239999999999996,-0.15220000000000006,0.04921999999999993,0.25297,0.20375000000000004,0.27964,0.35297999999999996,0.07333999999999996,0.49859,0.22574000000000005,-0.2728499999999999,0.35775,0.434616,0.076866,0.320302,0.23628,-0.08402200000000001,0.26871999999999996,0.42142,0.15270000000000003,-0.08196000000000003,0.20141999999999993,0.28337999999999997,0.33071,0.15808,-0.17263
16,0.28581999999999996,0.55745,0.27163000000000004,-0.16069,0.45287,0.61356,0.27739,0.17335,-0.10404000000000002,-0.07635000000000003,0.20792,0.28427,-0.40511,-0.12380999999999998,0.28130000000000005,-0.03791,0.1486,0.18651,-0.05645,0.36727,0.42372,0.3511,0.43803000000000003,0.08693000000000001,0.08615000000000006,0.28464000000000006,0.19849,0.021710000000000007,0.01212000000000002,-0.009589999999999987,0.17852999999999997,0.17278999999999994,-0.005740000000000023,0.2708,0.48106,0.21026,0.02063999999999999,0.22001000000000004,0.19937000000000005,-0.10234999999999994,-0.11880999999999997,-0.01646000000000003,0.26375000000000004,0.14475000000000005,-0.119,0.05908000000000002,0.22215000000000001,0.16307,0.4245300000000001,0.69278,0.26824999999999993,-0.07760999999999998,0.06217,0.13978,0.24594000000000002,0.33087,0.08492999999999998,-0.26293,-0.12284999999999996,0.14008000000000004,-0.07401000000000002,0.16258999999999996,0.23659999999999998,0.06782999999999995,0.12141999999999997,0.053590000000000027
17,0.33824,0.29338,-0.04486000000000001,0.40541999999999995,0.15345999999999993,-0.25196,-0.1261899999999999,-0.06955,0.05663999999999991,-0.2921,0.09344999999999998,0.38555,0.12056,-0.13774999999999993,-0.25830999999999993,-0.08756000000000003,0.21426,0.30182000000000003,0.73994,0.06279999999999997,-0.6771400000000001,0.13377999999999995,0.026459999999999928,-0.10732000000000003,0.047740000000000005,0.164418,0.116678,0.27377,-0.08001999999999998,-0.35379,0.38339999999999996,0.499254,0.11585400000000001,0.1905,-0.17053000000000001,-0.36103,0.159363,0.14425290000000002,-0.0151101,0.41006,-0.17678000000000005,-0.58684,0.63973,0.49759,-0.14214000000000002,0.21107000000000004,0.13536000000000004,-0.07571,0.27019000000000004,0.31103000000000003,0.04083999999999999,0.15738000000000008,-0.13229000000000002,-0.2896700000000001,0.26965,0.32145999999999997,0.05180999999999997,0.04133000000000003,0.19412000000000001,0.15278999999999998,0.09090999999999999,0.004709999999999992,-0.0862,0.2664,0.6287670000000001,0.362367
19,-0.10077999999999998,-0.32550999999999997,-0.22472999999999999,0.16604000000000002,0.07163000000000008,-0.09440999999999994,-0.14422000000000001,-0.25868,-0.11446,0.35266,0.11863999999999997,-0.23402,-0.042910000000000004,-0.10777,-0.06486,0.03566999999999998,0.01045999999999997,-0.02521000000000001,0.11831000000000003,0.01923000000000008,-0.09907999999999995,0.09610000000000007,0.11778,0.02167999999999992,0.30169999999999997,0.051919999999999966,-0.24978000000000003,0.03260999999999997,0.09381,0.06120000000000003,0.42817,0.35051,-0.07766,0.19841999999999999,0.018299999999999983,-0.18012,0.35241999999999996,0.011780000000000013,-0.34063999999999994,0.35136,0.060309999999999975,-0.29105000000000003,0.33675,0.32987,-0.006879999999999997,0.09106000000000003,0.018510000000000026,-0.07255,-0.15994999999999993,-0.28894999999999993,-0.129,-0.17593000000000003,0.1502199999999999,0.32614999999999994,-0.15908,-0.028119999999999923,0.13096000000000008,-0.08936,0.021750000000000047,0.11111000000000004,-0.11563000000000001,-0.09675,0.018880000000000008,0.12987000000000004,0.06823000000000001,-0.06164000000000003
20,0.36208,0.62254,0.26046,0.17873000000000006,0.63611,0.45737999999999995,0.20307999999999998,-0.013270000000000004,-0.21635,-0.13502999999999998,0.26591,0.40093999999999996,-0.028966,0.06457,0.09353600000000001,0.2051,0.22383999999999998,0.01873999999999998,0.31081000000000003,0.44798000000000004,0.13717000000000001,0.50317,0.61529,0.11211999999999997,0.38803,0.39076999999999995,0.0027400000000000063,-0.36530000000000007,0.198776,0.564076,0.31735,0.34848999999999997,0.031139999999999987,0.33749999999999997,0.44490999999999997,0.10741,0.29658999999999996,0.52587,0.22928,-0.248953,0.178647,0.4276,0.26413000000000003,0.29504,0.030909999999999993,0.13918999999999998,0.21162999999999998,0.07244,0.18199999999999994,0.2177499999999999,0.03574999999999995,-0.05828,-0.12169000000000002,-0.06341000000000002,0.26472,-0.053099999999999925,-0.31781999999999994,0.039758299999999996,-0.48660000000000003,-0.5263583000000001,0.22787000000000002,0.11116000000000004,-0.11670999999999998,-0.321262,-0.46877,-0.14750800000000003
21,0.04307000000000005,0.13385000000000002,0.09077999999999997,-0.015170000000000017,0.06323000000000001,0.07840000000000003,-0.19484,-0.05247000000000002,0.14237,-0.10132999999999998,-0.06910999999999995,0.032220000000000026,-0.163037,-0.011445,0.151592,-0.3119,-0.232764,0.07913600000000001,0.25854999999999995,-0.10719999999999996,-0.3657499999999999,-0.09276999999999996,0.22171000000000002,0.31448,-0.253384,-0.277074,-0.02368999999999999,-0.03276000000000001,0.1197,0.15246,-0.30643,-0.21863,0.08780000000000002,-0.12832,0.23747,0.36578999999999995,-0.278212,-0.386492,-0.10827999999999999,0.03168900000000001,0.05652600000000001,0.024836999999999998,-0.35861,-0.239462,0.11914799999999999,-0.12775,-0.045859999999999984,0.08189000000000002,-0.39636,-0.13005999999999995,0.26630000000000004,0.053846000000000005,-0.00721999999999999,-0.061065999999999995,-0.346559,-0.23964400000000002,0.10691500000000001,-0.16868999999999998,0.043950000000000045,0.21264000000000002,0.103262,0.347262,0.244,-0.02467999999999998,-0.21524,-0.19056
22,0.83138,0.64381,-0.18756999999999996,0.48462,0.72427,0.23964999999999997,0.69184,0.91884,0.22699999999999998,0.59438,0.794763,0.20038300000000003,0.44779,0.43831000000000003,-0.009479999999999988,0.5197200000000001,0.47126,-0.04846,0.81769,0.16156000000000004,-0.6561299999999999,0.72062,0.84529,0.12467,0.6068045,0.47697999999999996,-0.1298245,0.71395,0.71002,-0.003930000000000017,0.6937800000000001,0.45983,-0.23395000000000002,0.27098999999999995,0.42860999999999994,0.15762,0.5799500000000001,0.57392,-0.006030000000000008,0.37389000000000006,0.47430000000000005,0.10041,0.5945,0.40578,-0.18872,0.53291,0.48893999999999993,-0.04397000000000001,0.37868999999999997,-0.20851999999999993,-0.5872099999999999,0.41141,0.45655,0.045139999999999986,0.31877,0.30206999999999995,-0.016700000000000048,0.29264,0.22354000000000002,-0.0691,0.41034000000000004,0.37458,-0.035759999999999986,0.4373600000000001,0.59192,0.15455999999999998
23,-0.12796999999999997,-0.11052000000000001,0.017449999999999966,0.13018999999999997,0.27054,0.14035000000000003,0.06217999999999996,-0.14786,-0.21003999999999995,0.22109,0.017800000000000038,-0.20328999999999997,-0.042745000000000005,-0.22131599999999998,-0.17857099999999998,-0.09259000000000003,-7.999999999999674e-05,0.09251000000000004,0.3196499999999999,0.5387599999999999,0.21911000000000003,-0.24514490000000003,-0.5130049,-0.26785999999999993,-0.282811,-0.330851,-0.04804000000000003,0.12770700000000001,0.05524000000000001,-0.07246699999999999,0.19621,0.2404,0.04419000000000001,-0.07095,-0.04801000000000001,0.022939999999999988,-0.07246999999999998,0.17428,0.24674999999999997,0.09338999999999997,0.21341,0.12002000000000002,0.1997500000000001,0.5380800000000001,0.33832999999999996,0.06916,-0.00782000000000005,-0.07698000000000005,-0.06173000000000006,-0.16438000000000008,-0.10265000000000002,0.238224,-0.231516,-0.46974,-0.004404999999999999,-0.317329,-0.31292400000000004,0.26344900000000004,-0.12473100000000001,-0.38818,0.07933000000000001,-0.12319,-0.20252,0.52204,0.12005999999999994,-0.40198
24,0.16518999999999995,0.27596,0.11077000000000004,0.10316999999999998,0.16886999999999996,0.06569999999999998,0.11408000000000001,0.020370000000000055,-0.09370999999999996,0.10648999999999997,0.055499999999999994,-0.05098999999999998,0.06662000000000001,0.14093,0.07430999999999999,0.24243,0.12635000000000002,-0.11607999999999999,0.15539999999999998,0.248,0.09260000000000002,-0.06428,-0.14998999999999996,-0.08570999999999995,0.14956000000000003,0.09644000000000008,-0.053119999999999945,0.2606,0.38322,0.12261999999999998,0.49241,0.44589,-0.046520000000000006,-0.09367999999999993,-0.22310999999999998,-0.12943000000000005,0.13840000000000008,0.04459999999999997,-0.0938000000000001,0.39027000000000006,0.53963,0.14936,0.6311100000000001,0.54245,-0.08866000000000002,0.17315999999999993,0.14269999999999994,-0.030459999999999987,-0.20372,-0.12978,0.07394,0.20526,0.19823000000000002,-0.007029999999999981,0.22742999999999997,-0.10769000000000001,-0.33512,-0.02868000000000004,0.08864,0.11732000000000004,0.24719999999999998,-0.11847000000000008,-0.36567000000000005,0.33120000000000005,0.3507,0.019499999999999962
25,0.18296999999999997,0.10752,-0.07544999999999996,0.37377999999999995,0.599201,0.225421,0.17596000000000003,0.13178,-0.044180000000000025,0.43619,0.42372000000000004,-0.012469999999999981,0.168079,0.32946,0.161381,0.018489999999999993,0.06004699999999999,0.041557,0.43647,0.24089000000000005,-0.19557999999999998,0.5991599999999999,0.47759999999999997,-0.12156,0.41829000000000005,0.19778,-0.22051,0.5466,0.34952,-0.19708,0.473937,0.15633999999999998,-0.317597,0.47334,0.27924,-0.19409999999999997,0.5576099999999999,0.38871,-0.1689,0.21815999999999997,0.07526,-0.14289999999999997,0.11412999999999995,0.13248,0.018350000000000033,0.33029000000000003,0.21993000000000001,-0.11036000000000001,0.20077,0.060389999999999944,-0.14038000000000006,0.6020300000000001,0.35335,-0.24868,0.38056,0.16037999999999997,-0.22018000000000001,-0.0009200000000000319,-0.06539,-0.06446999999999997,0.016290000000000027,-0.19862999999999997,-0.21492,0.5440200000000001,0.35869000000000006,-0.18533
27,0.17852999999999997,0.2589,0.08037000000000005,0.05447000000000002,0.20182,0.14734999999999998,0.07434000000000002,0.03748000000000001,-0.036860000000000004,0.03925000000000001,0.26636,0.22710999999999998,0.02700999999999998,0.10754000000000002,0.08053000000000005,0.11523,0.24279,0.12756,0.34537000000000007,-0.02089999999999992,-0.36627,0.21259,0.13420000000000004,-0.07838999999999996,0.13368000000000002,0.050899999999999945,-0.08278000000000008,0.4852200000000001,0.23059000000000007,-0.25463,0.42585000000000006,0.25862,-0.16723000000000005,0.22515000000000002,0.003139999999999976,-0.22201000000000004,0.33958,0.03995000000000004,-0.29962999999999995,0.06657999999999997,0.12414999999999998,0.05757000000000001,-0.06642000000000003,0.11048000000000002,0.17690000000000006,0.14715,0.09367999999999999,-0.05347000000000002,-0.04795000000000005,0.0030199999999999116,0.05096999999999996,0.37866000000000005,-0.18062,-0.55928,0.262512,0.024660000000000015,-0.23785199999999998,0.05834000000000006,-0.1480999999999999,-0.20643999999999996,-0.02432000000000001,0.23635999999999996,0.26067999999999997,-0.19347999999999999,-0.014000000000000012,0.17947999999999997
28,0.41575000000000006,0.67052,0.25476999999999994,0.41770999999999997,0.43078,0.013070000000000026,0.04377999999999993,-0.20509,-0.24886999999999992,0.21776000000000006,0.39069000000000004,0.17292999999999997,0.20106000000000002,0.028600000000000014,-0.17246,0.17741,-0.20648000000000005,-0.38389000000000006,0.41856000000000004,0.97461,0.5560499999999999,0.06513000000000002,0.17156,0.10642999999999997,0.27237999999999996,0.685269,0.412889,0.22139999999999993,0.46653,0.24513000000000007,-0.08523000000000003,0.31518999999999997,0.40042,0.371332,0.04283999999999999,-0.328492,0.17064000000000001,0.30935,0.13871,0.45483999999999997,0.5665899999999999,0.11175000000000002,-0.09173000000000003,-0.18395,-0.09221999999999997,0.18472,0.23309999999999997,0.04837999999999998,0.43986000000000003,0.27844,-0.16142,-0.08399000000000001,-0.0035600000000000076,0.08043,0.07567000000000002,-0.25095,-0.32662,0.25750000000000006,0.36709,0.10958999999999997,0.04580000000000006,-0.1657099999999999,-0.21150999999999998,-0.12649,0.21274000000000004,0.33923000000000003
29,0.20312000000000002,0.28782,0.0847,0.10316999999999998,0.37621000000000004,0.27304000000000006,0.23331999999999997,-0.29512000000000005,-0.52844,0.20952999999999988,-0.08550000000000013,-0.29503,0.38609,0.46446,0.07837,0.26363000000000003,0.34183,0.07819999999999999,0.13404000000000005,0.11410000000000009,-0.019939999999999958,0.14078999999999997,-0.07537000000000005,-0.21616000000000002,-0.20944999999999997,-0.10176000000000002,0.10768999999999995,0.23413999999999996,0.34277,0.10863000000000003,0.30223,0.36102,0.05879000000000001,0.06427,-0.28576,-0.35003000000000006,0.013880000000000003,-0.10025999999999996,-0.11413999999999996,0.20789000000000002,0.55558,0.34769,0.31205000000000005,0.39419000000000004,0.08213999999999999,0.20793,0.15164999999999995,-0.05628000000000005,0.3384299999999999,0.05249999999999999,-0.2859299999999999,0.33994,0.07197999999999999,-0.26796,0.11889000000000002,-0.03358,-0.15247000000000002,0.38564000000000004,0.31271000000000004,-0.07293000000000002,-0.00658000000000003,-0.044769999999999976,-0.038189999999999946,0.5916299999999999,0.53155,-0.06007999999999991
30,0.3799300000000001,0.3610000000000001,-0.018930000000000002,0.29328,0.30237,0.009090000000000042,0.36944999999999995,0.07570999999999994,-0.29374,0.6299399999999999,0.23746999999999996,-0.39247000000000004,-0.04822999999999994,-0.18778999999999996,-0.13956000000000002,0.042310000000000014,-0.08412999999999998,-0.12644,0.43734000000000006,0.30551000000000006,-0.13183,0.26702999999999993,0.10722999999999994,-0.1598,0.38868,0.008910000000000085,-0.37976999999999994,-0.15286999999999995,-0.052119999999999944,0.10075,-0.020500000000000018,-0.36712999999999996,-0.34662999999999994,0.13585000000000003,0.08572000000000002,-0.05013000000000001,0.5777399999999999,0.28630999999999995,-0.29143,0.37826000000000004,0.21241,-0.16585000000000005,0.3322773,-0.006069999999999964,-0.33834729999999996,0.19836000000000004,-0.01417999999999997,-0.21254,0.04930000000000001,-0.048150000000000026,-0.09745000000000004,-0.1078,-0.27357,-0.16576999999999997,-0.07267710000000001,-0.4490151,-0.376338,-0.0040999999999999925,-0.28744,-0.28334,0.0247172,-0.47877899999999995,-0.5034962,0.26554999999999995,-0.04627999999999999,-0.31182999999999994
31,0.695361,0.2634,-0.43196100000000004,0.5131100000000001,-0.07802999999999996,-0.59114,0.0692600000000001,0.39368000000000003,0.32441999999999993,0.16922000000000004,0.45217,0.28295,-0.111664,-0.20595599999999997,-0.09429199999999999,0.36490999999999996,0.246656,-0.118254,-0.19723000000000002,-0.13509000000000004,0.06213999999999997,0.472179,0.02800999999999998,-0.44416900000000004,0.5058100000000001,0.32145,-0.18436000000000002,-0.23736000000000002,-0.07100000000000006,0.16635999999999995,-0.23697000000000001,0.05088999999999999,0.28786,0.348826,-0.139764,-0.48859,0.289779,-0.05869000000000002,-0.34846900000000003,-0.15741999999999995,-0.07385999999999998,0.08355999999999997,-0.25300999999999996,-0.05898000000000003,0.19402999999999992,0.15826,0.08814,-0.07012000000000002,-0.20928000000000002,0.16557999999999995,0.37485999999999997,0.18910300000000002,0.0431,-0.146003,0.51064,0.290322,-0.22031799999999999,0.14922400000000002,0.10741200000000001,-0.041812,0.4322999999999999,0.12119999999999997,-0.31109999999999993,0.016820000000000057,0.18859000000000004,0.17176999999999998
32,0.15152,0.50427,0.35275000000000006,-0.04438999999999993,0.5147900000000001,0.55918,0.08786000000000005,-0.01368999999999998,-0.10155000000000003,0.22188000000000002,0.06278000000000006,-0.15909999999999996,0.026760000000000006,0.38584799999999997,0.35908799999999996,0.11156000000000005,0.27359,0.16202999999999998,-0.011400000000000077,0.22676999999999992,0.23817,0.03805999999999998,-0.016250000000000042,-0.054310000000000025,0.22326,0.16593999999999998,-0.05732000000000001,0.07450000000000001,0.21058999999999994,0.13608999999999993,0.08810000000000001,-0.06642999999999999,-0.15453,-0.06556999999999996,0.09067000000000003,0.15624,0.20671999999999996,0.16909999999999997,-0.03761999999999999,-0.03994000000000003,0.03454999999999997,0.07449,0.07327,-0.07122999999999996,-0.14449999999999996,0.09068999999999994,0.14121999999999996,0.05053000000000002,0.008509999999999907,-0.04575000000000007,-0.054259999999999975,0.01767000000000002,-0.06486999999999998,-0.08254,-0.004610000000000003,-0.07608000000000004,-0.07147000000000003,0.30774999999999997,0.15909,-0.14865999999999996,0.12027999999999994,0.17489,0.05461000000000005,0.31255999999999995,0.3470199999999999,0.034459999999999935
33,0.004170000000000007,0.19682,0.19265,0.13375000000000004,0.38443000000000005,0.25068,-0.12137000000000003,-0.35592,-0.23454999999999998,-0.13718000000000002,-0.23383000000000004,-0.09665000000000001,0.15276999999999996,0.26015999999999995,0.10738999999999999,-0.14652000000000004,-0.15613000000000005,-0.009610000000000007,0.11137,0.21945299999999998,0.108083,-0.021279999999999966,0.13243,0.15370999999999996,-0.267806,-0.06820600000000002,0.19959999999999997,0.18034,0.39081,0.21047000000000002,-0.041650999999999994,-0.13290800000000003,-0.09125700000000002,-0.11736999999999999,0.21234,0.32971,0.010780000000000012,0.36745,0.35667,0.14576999999999996,0.34862,0.20285000000000003,0.005730000000000013,0.68367,0.67794,-0.05264000000000002,0.07047999999999999,0.12312000000000001,-0.5207999999999999,-0.7378900000000002,-0.21709000000000012,-0.19721,0.192119,0.38932900000000004,-0.252369,-0.556519,-0.30415000000000003,-0.10829999999999995,0.35739000000000004,0.46569,-0.23362000000000005,-0.05881999999999998,0.17480000000000007,0.31538999999999995,0.03447,-0.28091999999999995
34,0.73512,1.13068,0.39556,0.6266700000000001,0.6353900000000001,0.008720000000000006,0.22254999999999997,-0.04366000000000003,-0.26621,0.32569000000000004,0.23975000000000002,-0.08594000000000002,0.007369999999999988,0.00496000000000002,-0.0024099999999999677,0.30109,0.21396,-0.08713000000000001,0.43248000000000003,0.39539,-0.03709000000000001,0.30922000000000005,0.60087,0.29164999999999996,0.51545,0.7029759999999999,0.187526,0.37657999999999997,0.80736,0.43078,-0.09427000000000008,0.64877,0.74304,0.43679999999999997,0.31376,-0.12303999999999998,0.45248,0.49512,0.04264000000000001,0.07704,0.47213,0.39509,0.2826199999999999,0.685364,0.40274400000000005,0.33602999999999994,0.38667999999999997,0.05065000000000003,0.42538,-0.16703999999999997,-0.59242,0.32639399999999996,0.017330000000000012,-0.309064,0.25997800000000004,0.17847000000000002,-0.081508,0.15780000000000002,0.004850000000000021,-0.15295,0.18142,0.07774999999999999,-0.10367000000000001,0.6985699999999999,0.7060399999999999,0.007469999999999977
35,0.27376999999999996,0.26116999999999996,-0.0126,0.21648999999999996,0.29432,0.07783000000000007,0.39586,0.1251,-0.27076,0.06508999999999998,-0.020909999999999984,-0.08599999999999997,0.01205999999999996,0.25788199999999994,0.245822,-0.11792899999999999,-0.04315899999999999,0.07477,-0.10897000000000001,-0.05378000000000005,0.05518999999999996,0.667578,0.50976,-0.157818,0.42163000000000006,0.34107000000000004,-0.08056,0.3303,0.5749299999999999,0.24463000000000001,0.02839999999999998,0.11813999999999997,0.08973999999999999,0.551485,0.29144,-0.260045,0.2431,0.23104000000000002,-0.012059999999999987,0.017710000000000004,-0.04174,-0.05945,-0.293774,-0.463764,-0.16999000000000003,0.16267000000000004,0.17344000000000004,0.010770000000000002,0.20714999999999995,0.07275999999999994,-0.13439,0.44404000000000005,0.46869000000000005,0.024650000000000005,-0.119462,-0.05423199999999999,0.06523000000000001,0.28698999999999997,0.664663,0.377673,-0.02621000000000001,0.14170299999999997,0.16791299999999998,-0.07912000000000008,-0.03264,0.04648000000000008
36,0.30355,0.89303,0.58948,0.27970000000000006,0.8613200000000001,0.58162,0.08352000000000004,-0.21631999999999996,-0.29984,0.15839000000000003,-0.20911000000000002,-0.36750000000000005,0.22118000000000002,0.2531,0.03191999999999999,0.07956000000000002,0.19755,0.11798999999999998,0.21419999999999995,-0.03449000000000002,-0.24868999999999997,-0.13191000000000003,0.422019,0.553929,0.31931,0.67387,0.35456,0.18541999999999992,0.5849199999999999,0.3995,0.16359,0.56942,0.40583,0.07907000000000003,0.33225000000000005,0.25318,0.34704,0.74229,0.39525,0.23334000000000005,0.30328000000000005,0.06994,0.40644,0.84279,0.43635,0.16081999999999996,0.30423999999999995,0.14342,0.26476999999999995,0.0047999999999999154,-0.25997000000000003,-0.256102,-0.177452,0.07865,0.18503,-0.01694000000000001,-0.20197,0.15353699999999998,0.14584999999999998,-0.007686999999999999,0.34648999999999996,0.25849999999999995,-0.08799000000000001,-0.25891,-0.04152,0.21738999999999997
37,0.47080999999999995,0.20472999999999997,-0.26608,0.45502,0.41872999999999994,-0.036290000000000044,-0.2279,0.0031200000000000117,0.23102,-0.10847000000000007,0.04391999999999996,0.15239000000000003,0.1798601,-0.19197999999999998,-0.3718401,0.25831000000000004,0.061550000000000105,-0.19675999999999993,0.4309599999999999,0.2895199999999999,-0.14144,0.06412999999999996,-0.07982,-0.14394999999999997,0.032159999999999966,0.038069999999999965,0.005909999999999999,0.38134,-0.12924999999999998,-0.51059,0.680772,0.10628000000000004,-0.574492,-0.20871,-0.18946000000000002,0.01924999999999999,-0.38298000000000004,0.18596000000000001,0.56894,0.22907000000000002,-0.32355999999999996,-0.55263,0.42276,-0.3040299999999999,-0.7267899999999999,0.15348999999999996,0.022729999999999917,-0.13076000000000004,-0.06374000000000002,0.43567,0.49941,0.11593900000000001,-0.1086,-0.22453900000000002,0.01992000000000005,0.04204000000000002,0.022119999999999973,0.0844477,-0.047522299999999996,-0.13197,0.08294000000000001,0.23063,0.14769,0.30663,-0.20879999999999999,-0.51543
38,0.19152000000000002,0.63579,0.44426999999999994,0.36421000000000014,1.12524,0.76103,0.1919599999999999,0.4561299999999999,0.26417,-0.09474000000000005,0.39279,0.48753,-0.17873999999999995,0.496072,0.674812,-0.13522999999999996,0.29106000000000004,0.42629,0.40649000000000013,0.7811000000000001,0.37460999999999994,0.22431,0.65565,0.43133999999999995,0.28279999999999994,0.5869599999999999,0.30416,0.33852,0.53674,0.19821999999999995,-0.14396999999999993,0.22643000000000002,0.37039999999999995,0.36568,0.63732,0.27164,0.18034000000000006,0.5950300000000001,0.41469,0.016920000000000046,0.25725000000000003,0.24033,-0.05576000000000003,0.40508,0.46084,0.07445999999999997,0.4321,0.35764,0.08614999999999995,0.16747,0.08132000000000006,-0.13654,0.1339,0.27044,-0.14373999999999998,0.26532100000000003,0.409061,-0.10177000000000003,0.33623999999999993,0.43800999999999995,-0.05408000000000002,0.055800000000000016,0.10988000000000003,-0.040529999999999955,0.036900000000000044,0.07743
39,0.47295,0.41457,-0.05837999999999999,0.527674,0.16501,-0.36266400000000004,0.049329999999999985,0.0232,-0.026129999999999987,-0.39942,-0.46135000000000004,-0.06193000000000004,0.04909,-0.285788,-0.334878,0.1685804,-0.14669,-0.3152704,0.690957,0.631624,-0.059333000000000004,-0.032259999999999955,0.10955000000000001,0.14180999999999996,-0.40197099999999997,-0.236951,0.16502,-0.043727000000000016,-0.29006699999999996,-0.24633999999999998,-0.0675,-0.16224000000000002,-0.09474000000000002,0.271951,-0.05382999999999999,-0.325781,0.003920000000000007,-0.23822,-0.24214,-0.0763,-0.12935,-0.053049999999999986,-0.26794,-0.06636999999999998,0.20157000000000003,0.03266999999999998,-0.10855999999999999,-0.14122999999999997,-0.18181999999999998,-0.41037,-0.22855000000000003,-0.08232,-0.15188000000000001,-0.06956000000000001,-0.106208,-0.366508,-0.26030000000000003,0.0152927,-0.2762263,-0.291519,0.26502000000000003,0.03310000000000002,-0.23192,-0.16905000000000003,-0.38078999999999996,-0.21173999999999993
40,0.28679000000000004,0.27671000000000007,-0.010079999999999978,0.17654000000000003,0.28436,0.10781999999999997,0.45703,0.35125,-0.10577999999999999,0.47013,0.14547,-0.32466,-0.242048,-0.26987799999999995,-0.027829999999999966,-0.09750999999999999,0.24642,0.34392999999999996,-0.42623999999999995,-0.21061000000000007,0.21562999999999988,0.5221399999999999,0.49716999999999995,-0.024969999999999992,0.29481999999999997,0.32233,0.027510000000000007,-0.43796,-0.20904,0.22892,-0.12843000000000004,0.24246999999999996,0.3709,0.24984,0.34487999999999996,0.09503999999999999,0.44495999999999997,0.5380699999999999,0.09310999999999997,-0.6472100000000001,-0.52486,0.12235000000000001,-0.50623,-0.08131,0.42492,0.02421000000000001,0.15631,0.1321,0.18943,0.3825099999999999,0.19307999999999992,-0.15604,0.05579999999999999,0.21184,0.30217000000000005,0.518015,0.215845,-0.33475699999999997,0.07061300000000001,0.40537,0.10468,0.03939999999999999,-0.06528,-0.01373000000000002,0.26271999999999995,0.27645
41,0.38545999999999997,0.39297,0.007510000000000017,0.34786999999999996,0.31844999999999996,-0.02942,0.17344000000000004,-0.12287000000000003,-0.2963100000000001,0.33427,-0.06374999999999997,-0.39802,0.19926343000000002,-0.11406999999999998,-0.31333342999999997,0.253156,-0.23883000000000004,-0.49198600000000003,-0.08382999999999996,-0.06684000000000001,0.01698999999999995,-0.022139999999999993,0.08784,0.10998,-0.0007300000000000084,0.0025600000000000067,0.003290000000000015,-0.17296,-0.14182,0.03114,-0.07016,0.15745000000000003,0.22761000000000003,0.263443,0.326005,0.062562,0.33915,0.44109,0.10193999999999998,0.017549999999999996,-0.046668,-0.064218,0.14449,0.50013,0.35564,0.12555,0.07685000000000003,-0.048699999999999966,0.45547000000000004,0.12012,-0.33535000000000004,-0.22751,0.09771,0.32522,0.322992,0.010120000000000018,-0.312872,-0.19331500000000001,-0.15269500000000003,0.04061999999999999,0.5633000000000001,0.5560600000000001,-0.007240000000000024,-0.392728,-0.449108,-0.056379999999999986
42,0.30161000000000004,0.3082300000000001,0.00662000000000007,0.10724999999999996,0.38312,0.27587000000000006,0.1908200000000001,0.15756000000000003,-0.03326000000000007,0.03884999999999994,0.14744999999999997,0.10860000000000003,-0.22635,0.211669,0.438019,-0.025029999999999997,0.25858000000000003,0.28361000000000003,0.07430000000000003,0.51846,0.44416,-0.07551000000000008,0.17315000000000003,0.2486600000000001,0.051080000000000014,0.32206,0.27098,-0.49124,0.251983,0.743223,-0.18984999999999996,0.38985000000000003,0.5797,0.00026999999999999247,0.20711999999999997,0.20684999999999998,0.15156000000000003,0.47353999999999996,0.32197999999999993,-0.48045,0.39393999999999996,0.87439,-0.31189999999999996,0.26796,0.5798599999999999,-0.10799999999999998,0.21641999999999995,0.32441999999999993,-0.059780000000000055,-0.07178000000000007,-0.01200000000000001,-0.28739,0.18674000000000002,0.47413,-0.24242999999999992,-0.10614999999999997,0.13627999999999996,-0.21719999999999998,0.18194200000000002,0.399142,-0.18220999999999998,-0.08940999999999999,0.0928,-0.39443000000000006,-0.02130000000000004,0.37313
43,0.31290000000000007,0.3314800000000001,0.01858000000000004,0.17813000000000007,0.32330000000000003,0.14516999999999997,-0.17199000000000003,-0.27947000000000005,-0.10748000000000002,-0.09215999999999996,0.025160000000000016,0.11731999999999998,0.020943000000000003,-0.16907999999999998,-0.190023,0.12785000000000002,0.20627000000000004,0.07842000000000002,-0.019199999999999995,-0.20056000000000007,-0.18136000000000008,-0.09807000000000005,-0.018830000000000013,0.07924000000000003,-0.16347000000000006,-0.21595999999999999,-0.052489999999999926,-0.27193,0.22838000000000003,0.50031,-0.09381000000000006,0.05913999999999997,0.15295000000000003,-0.16451,-0.09869,0.06581999999999999,-0.15883000000000003,0.02359,0.18242000000000003,-0.192331,-0.020261,0.17207,0.07704,0.20098000000000005,0.12394000000000005,-0.07062000000000002,-0.036219999999999974,0.03440000000000004,0.06875999999999993,-0.21200999999999992,-0.28076999999999985,-0.03814000000000001,-0.028499999999999998,0.00964000000000001,-0.19524999999999998,-0.3226,-0.12735000000000002,-0.2092,-0.13405899999999998,0.075141,-0.14024000000000003,-0.27208,-0.13183999999999996,-0.25946,-0.18688000000000002,0.07257999999999998
44,-0.038939999999999975,0.16137,0.20031,-0.04786999999999997,-0.13854,-0.09067000000000003,-0.24666,-0.017490000000000006,0.22916999999999998,-0.35183,0.15335000000000004,0.50518,-0.33868,-0.08829000000000001,0.25039,-0.0021999999999999797,-0.06990999999999997,-0.06770999999999999,-0.08710000000000007,0.34846,0.43556000000000006,-0.03025,-0.21834000000000003,-0.18809000000000003,-0.07203999999999999,-0.22150999999999998,-0.14947,-0.21112000000000003,-0.08978999999999998,0.12133000000000005,0.26082000000000005,0.803453,0.5426329999999999,-0.06896,-0.13082,-0.06186,0.10947000000000001,0.1436,0.034129999999999994,-0.12839999999999996,0.06564000000000003,0.19404,0.07942000000000005,0.3662400000000001,0.2868200000000001,-0.07117999999999997,0.10066000000000003,0.17184,-0.13135000000000008,0.22402,0.3553700000000001,-0.18879999999999997,-0.11260999999999999,0.07618999999999998,-0.063315,0.014173999999999999,0.077489,-0.254653,-0.013400999999999996,0.24125200000000002,0.24914949999999997,0.35936,0.1102105,0.06869000000000003,0.575048,0.506358
45,0.13966,0.29283000000000003,0.15317000000000003,0.39336000000000004,0.19167,-0.20169000000000004,-0.07506999999999997,-0.2056,-0.13053000000000003,-0.07596000000000003,-0.23804999999999998,-0.16208999999999996,-0.013529999999999986,-0.10068999999999997,-0.08715999999999999,-0.07917300000000001,-0.045662999999999995,0.03351000000000001,0.56217,0.36227999999999994,-0.19989,0.10097,0.2815599999999999,0.18058999999999992,0.32787,0.12566,-0.20221,0.34947000000000006,0.12034,-0.22913000000000006,0.229879,-0.09231,-0.322189,0.47325999999999996,0.29627999999999993,-0.17698000000000003,0.66142,0.50062,-0.16080000000000005,0.43643,0.28411000000000003,-0.15231999999999998,0.261174,0.022550000000000014,-0.238624,0.20884999999999998,0.10354999999999992,-0.10530000000000006,0.15790000000000004,0.11129,-0.04661000000000004,0.14832,0.10245000000000004,-0.045869999999999966,-0.02607000000000001,-0.10328999999999999,-0.07721999999999998,0.24826000000000004,0.18341000000000007,-0.06484999999999996,0.10538999999999998,-0.028319999999999984,-0.13370999999999997,0.06006999999999996,0.11333000000000004,0.053260000000000085
46,0.007299999999999973,-0.12080000000000002,-0.1281,0.511259,-0.04369999999999996,-0.554959,0.05903999999999998,-0.11768,-0.17672,-0.09462000000000004,-0.42857,-0.33394999999999997,-0.132675,-0.322935,-0.19026,-0.182735,-0.38241,-0.199675,-0.38356,-0.25195999999999996,0.13160000000000005,0.15336999999999998,0.17956999999999998,0.0262,-0.12168999999999999,-0.02815999999999999,0.09353,-0.035660000000000025,0.3033,0.33896000000000004,-0.37591,-0.08051999999999998,0.29539000000000004,0.24262,-0.055489999999999984,-0.29811,0.048799999999999955,-0.15516000000000002,-0.20395999999999997,0.11543000000000003,0.22908,0.11364999999999997,-0.19679999999999997,0.18838,0.38517999999999997,-0.06927,-0.10311999999999999,-0.03384999999999999,-0.24726000000000004,-0.30445999999999995,-0.05719999999999992,0.187596,0.02371000000000001,-0.163886,-0.18664,-0.234515,-0.04787500000000001,-0.06779299999999999,-0.139973,-0.07218,-0.392866,-0.496066,-0.10320000000000001,-0.36175999999999997,0.07291000000000003,0.43467
47,0.14262000000000002,0.29288000000000003,0.15026,0.05732999999999999,0.56682,0.50949,-0.16585000000000003,-0.12089,0.04496000000000003,0.094583,-0.169107,-0.26369,-0.10462000000000005,0.5183099999999999,0.62293,-0.16811000000000004,0.27295,0.44106,-0.042990000000000084,0.19297999999999993,0.23597,-0.68845,-0.32977999999999996,0.35867,-0.1992507,-0.1465407,0.05271000000000001,-0.08969000000000005,0.22497,0.31466000000000005,-0.06835999999999998,0.02525999999999995,0.09361999999999993,-0.39555399999999996,-0.069234,0.32631999999999994,-0.009509000000000004,-0.11081800000000001,-0.10130900000000001,0.13773000000000002,0.565179,0.427449,0.16313,0.50092,0.33779000000000003,-0.10598000000000002,0.07930999999999999,0.18529,0.03876999999999997,-0.13038000000000005,-0.16915000000000002,-0.3857900000000001,-0.22524000000000002,0.16055000000000003,-0.4361014,-0.2072714,0.22882999999999998,-0.01908259,-0.163722,-0.14463941,-0.179838,-0.17767,0.0021680000000000033,0.09340000000000015,0.35601000000000005,0.2626099999999999
48,0.1886,0.09562999999999999,-0.09297,0.30368,0.31072,0.007039999999999991,0.029329999999999967,0.013349999999999973,-0.015979999999999994,0.013390000000000013,0.0756,0.06220999999999999,0.20420000000000005,0.035770000000000024,-0.16843000000000002,0.16692,0.06916,-0.09776000000000001,0.14885000000000004,-0.10043000000000002,-0.24928000000000006,-0.06346999999999997,0.00941000000000003,0.07288,-0.15533999999999998,-0.15596,-0.0006200000000000094,0.10768,0.09065000000000001,-0.01702999999999999,-0.17805000000000004,-0.25676,-0.07870999999999995,-0.08634000000000003,-0.11886999999999998,-0.03252999999999995,0.05143000000000009,0.23227000000000003,0.18083999999999995,0.13763999999999998,0.41506,0.27742,0.07970999999999995,0.11268999999999996,0.03298000000000001,0.06794999999999995,0.05687999999999993,-0.011070000000000024,0.08401000000000003,0.0014499999999999513,-0.08256000000000008,-0.06325999999999998,-0.15960999999999997,-0.09634999999999999,-0.17162,-0.3081,-0.13648,0.24321999999999994,0.17855999999999994,-0.06466,0.33301000000000003,0.20906000000000002,-0.12395,0.05331999999999992,0.4447399999999999,0.39142
49,0.73861,0.52465,-0.21395999999999998,0.34933000000000003,0.6372760000000001,0.287946,0.019569999999999976,0.275679,0.25610900000000003,-0.019199999999999995,0.1491,0.1683,0.303637,0.19149999999999998,-0.112137,0.03629000000000002,0.157141,0.12085099999999999,0.5601499999999999,0.33077,-0.22937999999999997,0.06002999999999997,0.13488,0.07485000000000003,0.19275299999999998,-0.039349999999999996,-0.23210299999999998,0.44315,0.2631,-0.18005,0.20067999999999997,0.08883999999999997,-0.11184,0.15331999999999998,0.060439999999999994,-0.09287999999999999,0.23366,0.13777,-0.09589,0.11722000000000005,0.12125000000000008,0.0040300000000000336,-0.01902999999999999,0.056239999999999984,0.07526999999999998,0.18086000000000002,0.13246000000000002,-0.0484,0.13207999999999998,0.13382000000000005,0.0017400000000000748,0.06170999999999999,-0.18817000000000003,-0.24988000000000002,-0.10876299999999998,0.06471,0.173473,0.06279799999999999,-0.37692000000000003,-0.439718,-0.088099,-0.272609,-0.18451,0.36815,0.33155,-0.036599999999999966
50,0.09345999999999999,0.28521,0.19175000000000003,-0.31248,0.10758000000000001,0.42006,-0.47723000000000004,-0.07282,0.40441000000000005,-0.13155000000000006,0.2177,0.34925000000000006,-0.05275000000000002,0.37923599999999996,0.431986,-0.23901,0.06964999999999999,0.30866,0.15713999999999995,0.20797,0.05083000000000004,0.14722000000000002,0.09428000000000003,-0.05293999999999999,0.45784,0.23130000000000006,-0.22653999999999996,0.29457,0.6501,0.35553,0.04730000000000001,0.34963,0.30233,-0.05494999999999994,0.034190000000000054,0.08914,0.2597299999999999,0.22034999999999993,-0.03937999999999997,-0.007599999999999996,0.21353999999999995,0.22113999999999995,-0.11016999999999999,0.26091,0.37107999999999997,-0.02693000000000001,0.20082,0.22775,-0.3776799999999999,0.017790000000000084,0.39547,-0.07423999999999997,0.30543,0.37966999999999995,-0.16674,0.025269999999999904,0.1920099999999999,-0.16297000000000006,0.26481,0.42778000000000005,-0.16665999999999992,-0.055729999999999946,0.11092999999999997,0.3111599999999999,0.4108099999999999,0.09965000000000002
51,-0.03893000000000002,0.54586,0.5847899999999999,0.21187999999999996,0.44503,0.23315000000000002,0.25878999999999996,0.20445999999999998,-0.05432999999999999,0.08077000000000001,0.14373000000000002,0.06296000000000002,0.13871000000000006,0.26466,0.12594999999999995,0.40978000000000003,0.34481000000000006,-0.06496999999999997,0.049780000000000046,0.2000400000000001,0.15026000000000006,0.43584,0.41083000000000003,-0.025009999999999977,0.17026000000000002,0.26345,0.09319,0.020829999999999904,0.6487299999999999,0.6279,0.33423,0.6604000000000001,0.32617,0.46201000000000003,0.19461,-0.2674,0.4078099999999999,0.45267999999999997,0.044870000000000076,0.19193,0.45602999999999994,0.2641,0.13744999999999996,0.5513,0.41385000000000005,0.22688000000000008,0.33261,0.10572999999999994,0.21206999999999998,-0.10977000000000003,-0.32184,0.18853999999999999,0.17274999999999996,-0.015790000000000026,0.465966,0.36027,-0.105696,0.23313,0.22674,-0.006390000000000007,0.02071999999999996,0.37068999999999996,0.34997,0.37277999999999994,0.17750999999999995,-0.19527
52,-0.0734800000000001,0.05721999999999994,0.13070000000000004,0.02554999999999996,0.03608,0.01053000000000004,0.01923999999999998,-0.018299999999999983,-0.03753999999999996,-0.05847000000000002,-0.022460000000000035,0.036009999999999986,0.25631,0.354819,0.098509,0.07882,0.03695999999999999,-0.04186000000000001,0.1955500000000001,-0.1319999999999999,-0.32755,0.2797200000000001,-0.21079999999999988,-0.49051999999999996,0.3147500000000001,0.15799000000000007,-0.15676,0.36105,-0.004870000000000041,-0.36592,0.10360999999999998,-0.07391999999999999,-0.17752999999999997,-0.16105000000000003,-0.4113199999999999,-0.2502699999999999,0.10597999999999996,-0.09817000000000009,-0.20415000000000005,0.016689999999999983,-0.04974999999999996,-0.06643999999999994,0.10417999999999994,-0.09784000000000015,-0.2020200000000001,0.11521000000000003,0.004750000000000032,-0.11046,0.10777000000000003,-0.09781000000000006,-0.2055800000000001,-0.33053999999999994,0.10893000000000003,0.43946999999999997,0.25537999999999994,-0.15587000000000006,-0.41125,0.06557999999999997,0.29219,0.22661000000000003,0.21284999999999998,-0.022800000000000153,-0.23565000000000014,0.54011,0.45147,-0.08864
53,0.16934999999999995,0.615575,0.446225,-0.19738,0.19715,0.39453,-0.021919999999999995,0.48478,0.5067,-0.060960000000000014,0.51076,0.57172,0.18270000000000003,0.43511200000000005,0.25241199999999997,-0.23843999999999999,0.21430000000000005,0.45274000000000003,0.12668000000000001,0.24395,0.11726999999999999,0.08582000000000001,0.07474999999999998,-0.011070000000000024,-0.025550000000000017,-0.10564000000000001,-0.08009,-0.08370999999999995,0.13389000000000006,0.21760000000000002,-0.21106999999999998,0.032320000000000015,0.24339,-0.00028000000000000247,0.03672,0.037000000000000005,-0.14769,-0.08651999999999999,0.06117,-0.060730000000000006,-0.29146,-0.23073,-0.5639400000000001,-0.16369,0.4002500000000001,-0.048260000000000025,0.11970000000000003,0.16796000000000005,-0.12068000000000001,-0.34426999999999996,-0.22358999999999996,0.035770000000000024,0.12120000000000003,0.08543,0.11881,0.246274,0.127464,0.03242999999999996,0.07905999999999996,0.046630000000000005,-0.19745999999999997,0.01951,0.21696999999999997,0.16471999999999998,0.05976999999999999,-0.10494999999999999
200,0.06316,0.0019500000000000073,-0.06120999999999999,0.439744,0.19140000000000001,-0.24834399999999998,-0.15360999999999997,0.08473000000000003,0.23834,0.25295,0.11414000000000002,-0.13881,-0.07685999999999998,0.011749999999999983,0.08860999999999997,-0.34299,-0.18627000000000002,0.15671999999999997,-0.02851999999999999,-0.12649,-0.09797,0.670882,0.09209,-0.578792,0.031100000000000017,-0.07944999999999999,-0.11055000000000001,-0.36788999999999994,-0.13266,0.23522999999999994,-0.29223,-0.15822,0.13401000000000002,0.38117,-0.20868,-0.58985,-0.04994000000000001,-0.09468000000000001,-0.04474,0.27670000000000006,0.21974000000000002,-0.05696000000000001,0.214685,0.043959999999999985,-0.17072500000000002,0.07212999999999997,-0.07051000000000002,-0.14264,0.22235999999999995,-0.09798000000000007,-0.32034,0.15642,-0.23702,-0.39344,-0.067054,-0.390374,-0.32332000000000005,-0.02776999999999996,-0.09122999999999998,-0.06346000000000002,0.114774,-0.259366,-0.37414,0.09775,-0.17786000000000002,-0.27561
201,-0.07907999999999998,0.06067000000000003,0.13975,0.010050000000000003,0.3032789,0.2932289,0.09236000000000003,-0.16685,-0.25921000000000005,0.16143999999999997,0.22262999999999997,0.061189999999999994,-0.00936,-0.018757000000000003,-0.009397000000000003,-0.021089999999999998,0.209756,0.230846,-0.15688000000000002,-0.14510999999999996,0.011770000000000058,0.64452,0.25828000000000007,-0.3862399999999999,0.26084,0.13180000000000003,-0.12904,0.13548000000000004,0.07742000000000004,-0.05806,0.41752999999999996,0.08853999999999995,-0.32899,0.281109,-0.014950000000000019,-0.296059,0.09423999999999999,0.009060000000000012,-0.08517999999999998,-0.10469999999999999,-0.59772,-0.49302,0.26754,-0.33175999999999994,-0.5992999999999999,0.12056,0.023370000000000002,-0.09719,-0.11209999999999998,0.022580000000000044,0.13468000000000002,0.32606,0.19040999999999997,-0.13565000000000002,0.19535999999999992,0.17434999999999995,-0.021009999999999973,0.036129999999999995,0.01988999999999999,-0.016240000000000004,0.07152999999999998,0.021440000000000015,-0.05008999999999997,0.02081999999999995,-0.02424000000000004,-0.04505999999999999
202,-0.17444999999999994,-0.22891,-0.054460000000000064,0.29794000000000004,0.26529,-0.03265000000000001,-0.27603,0.06162000000000001,0.33765,0.09960999999999998,0.22067599999999998,0.121066,0.20087,0.366193,0.165323,0.22394999999999998,0.17986000000000002,-0.04408999999999999,-0.22130000000000002,-0.16173,0.05957000000000001,0.25928000000000007,0.31076000000000004,0.05147999999999997,0.20953,0.098813,-0.110717,0.16253,0.277873,0.11534299999999999,0.11998700000000001,0.06947700000000001,-0.05051,-0.038239999999999996,-0.3269,-0.28866,0.2134,-0.27459,-0.48799000000000003,0.016640000000000044,-0.20438,-0.22102000000000005,0.004090000000000038,-0.28475,-0.28884000000000004,0.005220000000000002,-0.06738,-0.0726,-0.44227,-0.44384000000000007,-0.0015700000000000713,-0.19716,-0.04311000000000009,0.1540499999999999,-0.08419000000000004,-0.4108,-0.32660999999999996,-0.13705999999999996,-0.3291599999999999,-0.19209999999999994,0.2505200000000001,-0.01191999999999993,-0.26244,-0.3779,-0.54545,-0.16754999999999998
205,-0.030939999999999968,0.13878000000000001,0.16971999999999998,0.09367000000000003,0.33003000000000005,0.23636000000000001,-0.028430000000000066,0.03782999999999992,0.06625999999999999,-0.1437299999999999,-0.08793999999999991,0.055790000000000006,-0.39619,-0.16113000000000005,0.23505999999999994,-0.757341,-0.676831,0.08051000000000008,-0.3790700000000001,-0.5364599999999999,-0.15738999999999992,-0.26608,0.12635,0.39242999999999995,-0.27830000000000005,0.216501,0.49480100000000005,-0.56738,-0.21169999999999997,0.35568,-0.7197,-0.51115,0.20855,-0.02948999999999996,0.38107,0.4105599999999999,-0.05581999999999998,0.626284,0.6821039999999999,0.17173000000000005,0.16924000000000006,-0.0024899999999999922,-0.20231000000000002,-0.059449999999999975,0.14286000000000004,-0.25872000000000006,-0.030409999999999993,0.22831000000000007,-0.007800000000000029,0.4045399999999999,0.41233999999999993,-0.1832600000000001,-0.01762000000000008,0.16564,-0.63067,-0.56931,0.06135999999999997,-0.20180999999999993,0.25517000000000006,0.45698,-0.52664,-0.1679,0.35874,-0.2936500000000001,-0.3250900000000001,-0.031440000000000023
207,0.20377999999999996,-0.17893000000000003,-0.38271,0.25098000000000004,0.27782,0.026839999999999975,0.43393299999999996,-0.40297,-0.836903,0.09739999999999999,-0.10331000000000001,-0.20071,0.08435999999999999,0.13104,0.04668,-0.06139999999999998,0.218892,0.280292,0.06125999999999998,0.12048999999999999,0.059230000000000005,0.35690299999999997,-0.3707,-0.727603,-0.015547000000000002,-0.176114,-0.16056700000000002,0.17689,0.05177999999999999,-0.12511,-0.17915999999999999,0.022320000000000007,0.20148,0.020319999999999977,-0.04359000000000002,-0.06391,0.275599,0.13193999999999997,-0.143659,0.33843,0.011890000000000012,-0.32654,0.019809999999999994,0.11029,0.09048,0.20840999999999998,0.029179999999999984,-0.17923,0.17959999999999998,-0.17245,-0.35205,0.63779,0.46521999999999997,-0.17257,0.25551999999999997,0.32752000000000003,0.07200000000000001,0.54663,0.04692999999999997,-0.49970000000000003,0.577201,0.30857999999999997,-0.268621,0.11624999999999996,-0.16393000000000002,-0.28018
